population,n_responders,n_non_responders,median_responders,median_non_responders,mann_whitney_u,p_value,significant (p<0.05)
cd4_t_cell,993,975,30.2206,29.6576,515277.5,0.01333977320368344,True
b_cell,993,975,9.4323,9.7884,459968.0,0.05567186466219834,False
nk_cell,993,975,14.5093,14.7991,464546.5,0.12106031279217618,False
monocyte,993,975,19.6097,19.9423,466509.0,0.1631261907294167,False
cd8_t_cell,993,975,24.728,24.6031,478175.5,0.6390575277665635,False
